Workbook

Sheet Task Tracker
A1: Design Bees — AEO/SEO Task Tracker (from the Visibility Report, 10 Sep 2026)
A2: Work through P0 first. Update Status after each change in Wix, then use the Verification column to confirm on the live site or in Search Console. Source URLs point at the evidence for each task; the full report is the Summary tab link.
A4: Task ID | B4: Priority | C4: Status | D4: Workstream | E4: Task | F4: Wix location | G4: Proposed change / acceptance | H4: Effort | I4: Owner | J4: Due date | K4: Source URL | L4: Verification | M4: Notes
A5: T01 | B5: P0 | C5: Not started | D5: Schema | E5: Fix the Product-snippet warnings (missing review, aggregateRating, availability) on the pricing and package pages. | F5: Wix Studio > Pages > (page) > SEO basics > Structured data markup, or Velo custom code on /one-off-packages/logo-and-branding-package and /pricing-cards | G5: Either add a real aggregateRating from the Google Reviews sheet plus an availability value, or change the packages from Product/Offer to Service/Offer so Product-snippet rules stop applying. Validate in the Rich Results Test, then Request indexing. | H5: Medium | I5: Miguel | K5: https://search.google.com/search-console?resource_id=sc-domain:designbees.com.au | L5: Search Console > Enhancements > Product snippets shows 0 issues after Validate fix completes. | M5: Product snippets carried 13,419 impressions and 110 clicks in 3 months (report E2), so this touches real traffic. Alert 9 Sep 2026.
A6: T02 | B6: P0 | C6: Not started | D6: Schema | E6: Fix the Merchant-listing warnings (availability, hasMerchantReturnPolicy, shippingDetails, gtin/brand). | F6: Same as T01 | G6: These fields are for physical goods. Service schema for design packages removes Merchant-listing eligibility; if Product stays, add the four fields. | H6: Medium | I6: Miguel | K6: https://search.google.com/search-console?resource_id=sc-domain:designbees.com.au | L6: Search Console > Enhancements > Merchant listings shows 0 issues. | M6: Alert 9 Sep 2026: 4 issues.
A7: T03 | B7: P0 | C7: Not started | D7: Homepage snippet | E7: Rewrite the homepage title (under 60 characters) and meta description (under 155) as a direct answer with the $545 price. | F7: Wix Studio > Pages > Home > SEO basics | G7: Title: "Unlimited Graphic Design Australia from $545/mo | Design Bees". Meta: "Unlimited graphic design for Australian businesses from $545 a month. Dedicated designer, unlimited requests and revisions, 10-day free trial, no contract." Confirm lengths in Wix before saving. | H7: Low | I7: AJ / Claude | K7: https://search.google.com/search-console?resource_id=sc-domain:designbees.com.au | L7: After 4 weeks: CTR for "graphic design services" and "graphic design services australia" in Search Console > Queries. Semrush title and meta checks pass. | M7: Export 9 Jun–8 Sep: "graphic design services" 1,787 impressions at position 4.6, CTR 0.22%. Ranking is done; the snippet is not converting.
A8: T04 | B8: P0 | C8: Not started | D8: Homepage clarity | E8: Rewrite the first 100 words of the homepage as an answer to "graphic design services in Australia": what it is, from $545/month, AEST hours, 10-day trial. | F8: Wix Studio > Pages > Home > hero text (keep the H1) | G8: One answer-first paragraph directly under the H1; no feature list before it. | H8: Low | I8: AJ / Claude | K8: https://claude.ai/code/artifact/e3ddf06b-bfc3-4925-92d9-458fc2c3dfb2 | L8: Same CTR check as T03; homepage citations in the Peekaboo re-run stay at or above 16. | M8: Homepage carries 20% of Google AI-feature impressions (report E1).
A9: T05 | B9: P0 | C9: Not started | D9: City pages | E9: Rewrite the Sydney page title and meta to win the click at position 2. | F9: Wix Studio > Pages > design-solutions/graphic-design-sydney > SEO basics | G9: Title such as "Graphic Design Services Sydney from $545/mo | Design Bees"; meta with Surry Hills studio, AEST hours, 10-day trial. Apply the same pattern to Melbourne, Brisbane, Perth, Adelaide once it works. | H9: Low | I9: AJ / Claude | K9: https://search.google.com/search-console?resource_id=sc-domain:designbees.com.au | L9: CTR above 2% on "graphic design services sydney" after 4 weeks (Search Console > Queries). | M9: Export: 122 impressions, position 2.1, 0 clicks. Page average position 30.8 overall.
A10: T06 | B10: P0 | C10: Not started | D10: Page speed | E10: Reduce homepage JavaScript: audit installed Wix apps (Hotels, Chat, File Share, Members Area, Pay Links, Forms), remove unused ones, defer chat and third-party scripts. | F10: Wix Dashboard > Apps > Manage apps; Settings > Custom code | G10: Interaction to Next Paint under 0.5 s and Total Blocking Time under 0.5 s on PageSpeed Insights (mobile). Google's "good" threshold is 0.2 s. | H10: High | I10: Miguel | K10: https://pagespeed.web.dev/ | L10: PageSpeed Insights before and after; log INP and TBT in the Tracking tab. | M10: Semrush 10 Sep: INP 6.186 s, TBT 1.065 s, performance 56/100.
A11: T07 | B11: P1 | C11: Not started | D11: Technical | E11: Fix the HTTPS page that links to HTTP, and the redirect chain. | F11: Wix footer links; Dashboard > SEO > URL Redirect Manager | G11: Every internal link uses https://www.designbees.com.au/...; redirects are single-hop. | H11: Low | I11: Miguel | K11: https://app.ahrefs.com/site-audit/9577405/overview | L11: Next Ahrefs crawl: 0 errors, no redirect chain. | M11: Ahrefs 9 Sep: 1 error, 3 warnings on 3 crawled URLs.
A12: T08 | B12: P1 | C12: Not started | D12: Canonical | E12: Check the http://www.designbees.com.au/ redirect and the homepage canonical. | F12: Wix > Settings > Domains; Search Console > URL inspection | G12: http redirects 301 to https; canonical tag is https://www.designbees.com.au/; Google-selected canonical matches. | H12: Low | I12: Miguel | K12: https://search.google.com/search-console?resource_id=sc-domain:designbees.com.au | L12: URL inspection shows the https URL as Google-selected canonical; the http row fades from Search Console > Pages. | M12: Export Pages tab: http URL recorded separately with 10,608 impressions, 57 clicks, position 5.4.
A13: T09 | B13: P1 | C13: Not started | D13: On-page | E13: Add alt text to images missing it (client logos, carousel, portfolio gallery). | F13: Wix image settings on Home and /our-work | G13: Descriptive alt text on every content image. | H13: Low | I13: Miguel | K13: https://www.semrush.com/siteaudit/?domain=www.designbees.com.au | L13: Semrush SEO Checker: Image Alt passes. | M13: Flagged 10 Sep.
A14: T10 | B14: P1 | C14: Not started | D14: Social | E14: Add Instagram and X profile links to the footer social bar. | F14: Wix Studio > footer > social bar | G14: Working links to the live profiles. | H14: Low | I14: AJ | K14: https://www.semrush.com/siteaudit/?domain=www.designbees.com.au | L14: Semrush social checks pass for Instagram and X. | M14: Facebook, YouTube and LinkedIn already found.
A15: T11 | B15: P0 | C15: Not started | D15: AEO page | E15: Publish /design-pickle-alternative-australia. | F15: Wix Studio > Pages > Add page | G15: Comparison table (Design Bees vs Design Pickle, ManyPixels, Penji, Reel Unlimited), AUD pricing, AEST support, FAQ block with FAQPage schema, links from the Top 7 post and the homepage. | H15: Medium | I15: AJ / Claude | K15: https://www.aipeekaboo.com/ | L15: Live, in the pages sitemap, indexed (URL inspection). Peekaboo prompt "Design Pickle alternative in Australia" above 70 after 30 days. | M15: Peekaboo 10 Sep: 51, reached through other companies' listicles. Export: "design bees vs penji vs design pickle for small teams" 12 impressions, position 9.6.
A16: T12 | B16: P1 | C16: Not started | D16: AEO page | E16: Publish the freelancer-replacement page (temporary graphic designer cover). | F16: Wix Studio > Pages or Blog | G16: Answer the "my freelancer got too costly / went on leave" question first; FAQ with FAQPage schema; link from the pricing guide. | H16: Medium | I16: AJ / Claude | K16: https://www.aipeekaboo.com/ | L16: Live and indexed; Peekaboo discovery prompt score above 0; the "(for australia)" comparison queries gain clicks. | M16: Peekaboo: 0 mentions in 8 runs. Export: "graphic design subscription service vs hiring a local australian designer (for australia)" 39 impressions, position 1.1, 0 clicks. Draft exists in the repo (server/data/drafts).
... A34: T30 | B34: P1 | C34: Not started | D34: Content refresh | E34: Strengthen the post the engines already cite: /post/are-unlimited-graphic-design-services-truly-limitless-what-you-need-to-know. | F34: Wix Blog > that post | G34: Add the $545 entry price, an AEST turnaround line, and an FAQ block with FAQPage schema; link to the pricing guide and the Design Pickle comparison. | H34: Low | I34: AJ / Claude | K34: https://www.designbees.com.au/post/are-unlimited-graphic-design-services-truly-limitless-what-you-need-to-know | L34: Re-run the six prompts monthly; this URL keeps appearing as the cited source and now quotes the price correctly. | M34: 11 Sep live check: cited by ChatGPT and by Google AI Mode across several of the six queries. It is the strongest citation asset the site has.

Sheet Summary
A1: AEO/SEO Checklist Summary — Design Bees
A2: Target questions: (1) Best unlimited graphic design subscription in Australia · (2) How much does unlimited graphic design cost in Australia? · (3) Graphic design services (Australia) · (4) Graphic design services Sydney · (5) Design Pickle alternative Australia · (6) What do small businesses switch to when a freelance designer gets too costly?
A4: Metric | B4: Value | D4: Priority | E4: Tasks | G4: Baseline, 10 Sep 2026 (actual) | H4: Source
A5: Total tasks | B5: =COUNTA('Task Tracker'!$A$5:$A$1000) | D5: P0 | E5: =COUNTIF('Task Tracker'!$B$5:$B$1000,D5) | G5: Semrush SEO score | H5: 50 / 100 — Semrush SEO Checker, run by AJ
A6: Done | B6: =COUNTIF('Task Tracker'!$C$5:$C$1000,"Done") | D6: P1 | E6: =COUNTIF('Task Tracker'!$B$5:$B$1000,D6) | G6: Performance / INP / TBT | H6: 56 · 6.186 s · 1.065 s — Semrush SEO Checker
A7: In progress | B7: =COUNTIF('Task Tracker'!$C$5:$C$1000,"In progress") | D7: P2 | E7: =COUNTIF('Task Tracker'!$B$5:$B$1000,D7) | G7: HubSpot AI Search Grader | H7: ChatGPT 43 · Perplexity 51 · Gemini 44 — HubSpot, session run
A8: Blocked | B8: =COUNTIF('Task Tracker'!$C$5:$C$1000,"Blocked") | G8: Peekaboo visibility | H8: 56 / 100 (5 prompts × 4 engines, 40 runs) — Peekaboo MCP, AJ authorised
A9: Needs verification | B9: =COUNTIF('Task Tracker'!$C$5:$C$1000,"Needs verification") | G9: Semrush AI Visibility | H9: Free checker 0 · dashboard (AU) 14 — Semrush, run by AJ
A10: Completion | B10: =IF(B5=0,0,B6/B5) | G10: Google AI-feature impressions, 92 days | H10: 7,865 — Search Console Generative AI export
G11: Web clicks / impressions, 92 days | H11: 930 / 65,504 · CTR 1.42% — Search Console Search results export
G12: "graphic design services" | H12: 1,787 impressions · position 4.6 · CTR 0.22% — Search Console Search results export
G13: Ahrefs health (3 URLs) | H13: 93 / 100 — Ahrefs Site Audit email 9 Sep
A16: How to use
A17: Start with the P0 tasks on the Task Tracker tab. Set Status as you work in Wix; use "Needs verification" until the Verification column check has been done on the live site or in Search Console. Evergreen Pages lists the pages that answer the six target questions and which are still to build. Sources holds every evidence and implementation link. Tracking is the monthly log: add a row per metric each month with the same inputs, and the Latest block updates itself. Full report: https://claude.ai/code/artifact/e3ddf06b-bfc3-4925-92d9-458fc2c3dfb2

Sheet Sources
A1: Evidence & Implementation Sources — Design Bees
A2: URLs kept as plain text so they can be copied into Wix or a browser. "Observed evidence" = what was measured; "Implementation" = where to make or check a change; "Diagnostic" = re-run for before/after.
A4: Source | B4: URL | C4: Use | D4: Notes
A5: Visibility report (full) | B5: https://claude.ai/code/artifact/e3ddf06b-bfc3-4925-92d9-458fc2c3dfb2 | C5: Observed evidence | D5: All findings, sources and dates; appendices A–I. Also in the repo at docs/seo/.
A6: Live homepage | B6: https://www.designbees.com.au/ | C6: Observed evidence | D6: Title 61 chars, meta 149 chars, 2 JSON-LD blocks, about 1,750 visible words.
A7: Sitemap index | B7: https://www.designbees.com.au/sitemap.xml | C7: Observed evidence | D7: 38 pages + 23 posts on 10 Sep 2026.
A8: robots.txt | B8: https://www.designbees.com.au/robots.txt | C8: Observed evidence | D8: Member and checkout paths disallowed.
A9: Google Search Console property | B9: https://search.google.com/search-console?resource_id=sc-domain:designbees.com.au | C9: Observed evidence | D9: Domain property; Performance > Search results and Performance > Generative AI; exports in the repo under docs/seo/data.
A10: Semrush SEO Checker | B10: https://www.semrush.com/free-tools/seo-checker/ | C10: Diagnostic | D10: Free; run monthly with www.designbees.com.au. Human-verification check blocks headless runs.
A11: Semrush AI Visibility Checker | B11: https://www.semrush.com/free-tools/ai-search-visibility-checker/ | C11: Diagnostic | D11: Free; broad prompt sample; score 0 on 10 Sep.
A12: HubSpot AI Search Grader | B12: https://www.hubspot.com/ai-search-grader | C12: Diagnostic | D12: Free, no account; inputs Design Bees / Australia / Unlimited graphic design subscription / Marketing and Advertising.
A13: HubSpot result, 10 Sep 2026 | B13: https://www.hubspot.com/ai-search-grader/results?companyName=Design+Bees&geography=Australia&productsServices=Unlimited+graphic+design+subscription&industry=Marketing+and+Advertising | C13: Observed evidence | D13: ChatGPT 43, Perplexity 51, Gemini 44.
A14: Peekaboo | B14: https://www.aipeekaboo.com/ | C14: Diagnostic | D14: Free trial from 10 Sep 2026 (14 days); MCP endpoint https://www.aipeekaboo.com/api/mcp; brand id 261cc21a-ebca-4344-a587-ca121e946303.
A15: Ahrefs Site Audit (free) | B15: https://app.ahrefs.com/site-audit/9577405/overview | C15: Diagnostic | D15: Weekly crawl emails; only 3–4 URLs on the free tier.
... A26: Pull request with report and data | B26: https://github.com/aj341/dripifymessaging/pull/42 | C26: Observed evidence | D26: HTML, PDF, CSV exports and raw Peekaboo output.

Sheet Evergreen Pages
A1: Design Bees — Evergreen Search Pages
A2: The pages that answer the six target questions: four live, two to build. Primary query owns the page; supporting queries are secondary mentions only (see the keyword ownership map).
A4: Page ID | B4: Priority | C4: Status | D4: Page | E4: Planned URL | F4: Primary query | G4: Supporting queries | H4: Content role | I4: Refresh cadence | J4: Publish acceptance | K4: Draft file
A5: P01 | B5: P1 | C5: Published | D5: 7 Best Design Subscriptions for Creative Teams (2026) | E5: https://www.designbees.com.au/post/top-7-design-subscriptions-for-creative-teams-2026 | F5: best unlimited graphic design subscription in australia | G5: best design subscription australia; best unlimited graphic design service; design subscription comparison | H5: Comparison listicle that positions Design Bees first among Australian options; the page engines cite for "best" prompts (Peekaboo 88). | I5: Quarterly: prices, competitor facts, dateModified | J5: Prices and competitor claims current; internal links to the pricing guide and Design Pickle page; Peekaboo "best" prompt stays above 80. | K5: Live
A6: P02 | B6: P1 | C6: Published | D6: Graphic Design Prices in Australia: 2026 Cost Guide | E6: https://www.designbees.com.au/post/graphic-design-costs-in-australia-your-pricing-guide | F6: how much does unlimited graphic design cost in australia | G6: graphic design cost; graphic designer cost; freelance graphic designer hourly rate australia; graphic design pricing | H6: The site's workhorse: 328 clicks and 4,156 AI-feature impressions in 3 months; answers cost questions with the $545–$2,645 range. | I6: Quarterly: figures, year in title, dateModified | J6: Prices match the pricing page; a direct-answer block at the top; Key Takeaways box. | K6: Live
A7: P03 | B7: P0 | C7: In build | D7: Homepage | E7: https://www.designbees.com.au/ | F7: graphic design services (australia) | G7: graphic design services australia; unlimited graphic design australia; graphic design agency australia | H7: Entity and category landing page; owns the head terms; T03 and T04 rewrite the snippet and opening. | I7: Monthly check of title, meta and CTR | J7: Title under 60 and meta under 155 with $545; answer-first opening; CTR above 1% on "graphic design services". | K7: Live (rewrite pending)
A8: P04 | B8: P0 | C8: In build | D8: Graphic Design Services Sydney | E8: https://www.designbees.com.au/design-solutions/graphic-design-sydney | F8: graphic design services sydney | G8: graphic design sydney; graphic designer sydney; graphic design surry hills | H8: City page with local proof (Surry Hills studio, AEST hours); ranks at position 2.1 with 0 clicks, so the snippet is the job (T05). | I8: Quarterly | J8: CTR above 2% on the primary query; cited by AI engines (13 mentions on 31 Aug). | K8: Live (snippet rewrite pending)
A9: P05 | B9: P0 | C9: Not started | D9: Design Pickle alternative in Australia | E9: https://www.designbees.com.au/design-pickle-alternative-australia | F9: design pickle alternative australia | G9: design bees vs design pickle; design pickle alternatives; unlimited graphic design australia vs design pickle | H9: Honest comparison table with AUD pricing and AEST support as the wedge; the page that lets engines cite Design Bees directly instead of via others' listicles (Peekaboo 51). | I9: Quarterly: competitor prices | J9: Live, indexed, linked from P01 and the homepage; Peekaboo prompt above 70 after 30 days. | K9: To write (T11)
A10: P06 | B10: P1 | C10: Draft ready | D10: Temporary graphic designer cover in Australia | E10: https://www.designbees.com.au/temporary-graphic-designer-cover-australia | F10: what do small businesses switch to when a freelance designer gets too costly | G10: temporary graphic designer; graphic designer maternity leave cover; graphic design subscription service vs hiring a local designer | H10: Problem-framed page for buyers who describe the situation, not the category; the one prompt where no engine names Design Bees (Peekaboo 0). | I10: Half-yearly | J10: Live and indexed; the "(for australia)" comparison queries gain clicks; Peekaboo discovery prompt above 0. | K10: server/data/drafts/seed-drafts.js (slug temporary-graphic-designer-cover-australia)
A11: P07 | B11: P2 | C11: Draft ready | D11: Design subscription vs freelancer vs agency vs in-house | E11: https://www.designbees.com.au/post/design-subscription-vs-freelancer-vs-agency-vs-in-house | F11: design subscription vs freelancer vs agency | G11: in-house vs outsourced design; freelance graphic designer vs graphic design agency in australia | H11: Comparison pillar with vs-sections inside one page; supports P06 and the pricing guide. | I11: Half-yearly | J11: Live; links to P02 and P06 with exact anchors; no overlap with P01 titles. | K11: server/data/drafts/seed-drafts.js

Sheet Tracking
A1: Tracking log — one row per metric per reading
A2: Add rows as you re-run each tool (same inputs every time). Columns A–E are the log; the Latest block on the right reads the most recent value per metric automatically. Baseline rows are the 10 Sep 2026 readings from the report.
A4: Date | B4: Source | C4: Metric | D4: Value | E4: Notes | G4: Metric (latest) | H4: Latest value | I4: As at
A5: 46275 | B5: Semrush SEO Checker | C5: SEO score (0–100) | D5: 50 | E5: homepage, run by AJ | G5: SEO score (0–100) | H5: =IF(SUMPRODUCT(MAX(($C$5:$C$1000=$G5)*(ROW($C$5:$C$1000)-4)))=0,"",INDEX($D$5:$D$1000,SUMPRODUCT(MAX(($C$5:$C$1000=$G5)*(ROW($C$5:$C$1000)-4))))) | I5: =IF(SUMPRODUCT(MAX(($C$5:$C$1000=$G5)*(ROW($C$5:$C$1000)-4)))=0,"",INDEX($A$5:$A$1000,SUMPRODUCT(MAX(($C$5:$C$1000=$G5)*(ROW($C$5:$C$1000)-4)))))
A6: 46275 | B6: Semrush SEO Checker | C6: Performance score (0–100) | D6: 56 | G6: Performance score (0–100) | H6: =IF(SUMPRODUCT(MAX(($C$5:$C$1000=$G6)*(ROW($C$5:$C$1000)-4)))=0,"",INDEX($D$5:$D$1000,SUMPRODUCT(MAX(($C$5:$C$1000=$G6)*(ROW($C$5:$C$1000)-4))))) | I6: =IF(SUMPRODUCT(MAX(($C$5:$C$1000=$G6)*(ROW($C$5:$C$1000)-4)))=0,"",INDEX($A$5:$A$1000,SUMPRODUCT(MAX(($C$5:$C$1000=$G6)*(ROW($C$5:$C$1000)-4)))))
A7: 46275 | B7: Semrush SEO Checker | C7: Interaction to Next Paint (s) | D7: 6.186 | E7: Google good = 0.2 | G7: Interaction to Next Paint (s) | H7: =IF(SUMPRODUCT(MAX(($C$5:$C$1000=$G7)*(ROW($C$5:$C$1000)-4)))=0,"",INDEX($D$5:$D$1000,SUMPRODUCT(MAX(($C$5:$C$1000=$G7)*(ROW($C$5:$C$1000)-4))))) | I7: =IF(SUMPRODUCT(MAX(($C$5:$C$1000=$G7)*(ROW($C$5:$C$1000)-4)))=0,"",INDEX($A$5:$A$1000,SUMPRODUCT(MAX(($C$5:$C$1000=$G7)*(ROW($C$5:$C$1000)-4)))))
A8: 46275 | B8: Semrush SEO Checker | C8: Total Blocking Time (s) | D8: 1.065 | E8: Google good = 0.2 | G8: Total Blocking Time (s) | H8: =IF(SUMPRODUCT(MAX(($C$5:$C$1000=$G8)*(ROW($C$5:$C$1000)-4)))=0,"",INDEX($D$5:$D$1000,SUMPRODUCT(MAX(($C$5:$C$1000=$G8)*(ROW($C$5:$C$1000)-4))))) | I8: =IF(SUMPRODUCT(MAX(($C$5:$C$1000=$G8)*(ROW($C$5:$C$1000)-4)))=0,"",INDEX($A$5:$A$1000,SUMPRODUCT(MAX(($C$5:$C$1000=$G8)*(ROW($C$5:$C$1000)-4)))))
A9: 46275 | B9: Semrush AI Visibility Checker | C9: AI Visibility Score | D9: 0 | E9: 2 mentions, 4 citations, reach 458 | G9: AI Visibility Score | H9: =IF(SUMPRODUCT(MAX(($C$5:$C$1000=$G9)*(ROW($C$5:$C$1000)-4)))=0,"",INDEX($D$5:$D$1000,SUMPRODUCT(MAX(($C$5:$C$1000=$G9)*(ROW($C$5:$C$1000)-4))))) | I9: =IF(SUMPRODUCT(MAX(($C$5:$C$1000=$G9)*(ROW($C$5:$C$1000)-4)))=0,"",INDEX($A$5:$A$1000,SUMPRODUCT(MAX(($C$5:$C$1000=$G9)*(ROW($C$5:$C$1000)-4)))))
A10: 46275 | B10: Semrush AI Visibility Checker | C10: Mentions | D10: 2 | E10: both Google AI Mode | G10: Mentions | H10: =IF(SUMPRODUCT(MAX(($C$5:$C$1000=$G10)*(ROW($C$5:$C$1000)-4)))=0,"",INDEX($D$5:$D$1000,SUMPRODUCT(MAX(($C$5:$C$1000=$G10)*(ROW($C$5:$C$1000)-4))))) | I10: =IF(SUMPRODUCT(MAX(($C$5:$C$1000=$G10)*(ROW($C$5:$C$1000)-4)))=0,"",INDEX($A$5:$A$1000,SUMPRODUCT(MAX(($C$5:$C$1000=$G10)*(ROW($C$5:$C$1000)-4)))))
A11: 46275 | B11: Semrush dashboard (AU) | C11: AI Visibility | D11: 14 | E11: 1 mention, 9 cited pages | G11: AI Visibility | H11: =IF(SUMPRODUCT(MAX(($C$5:$C$1000=$G11)*(ROW($C$5:$C$1000)-4)))=0,"",INDEX($D$5:$D$1000,SUMPRODUCT(MAX(($C$5:$C$1000=$G11)*(ROW($C$5:$C$1000)-4))))) | I11: =IF(SUMPRODUCT(MAX(($C$5:$C$1000=$G11)*(ROW($C$5:$C$1000)-4)))=0,"",INDEX($A$5:$A$1000,SUMPRODUCT(MAX(($C$5:$C$1000=$G11)*(ROW($C$5:$C$1000)-4)))))
A12: 46275 | B12: HubSpot AI Search Grader | C12: ChatGPT overall (0–100) | D12: 43 | E12: share of voice 0/10 | G12: ChatGPT overall (0–100) | H12: =IF(SUMPRODUCT(MAX(($C$5:$C$1000=$G12)*(ROW($C$5:$C$1000)-4)))=0,"",INDEX($D$5:$D$1000,SUMPRODUCT(MAX(($C$5:$C$1000=$G12)*(ROW($C$5:$C$1000)-4))))) | I12: =IF(SUMPRODUCT(MAX(($C$5:$C$1000=$G12)*(ROW($C$5:$C$1000)-4)))=0,"",INDEX($A$5:$A$1000,SUMPRODUCT(MAX(($C$5:$C$1000=$G12)*(ROW($C$5:$C$1000)-4)))))
A13: 46275 | B13: HubSpot AI Search Grader | C13: Perplexity overall (0–100) | D13: 51 | E13: share of voice 4/10 | G13: Perplexity overall (0–100) | H13: =IF(SUMPRODUCT(MAX(($C$5:$C$1000=$G13)*(ROW($C$5:$C$1000)-4)))=0,"",INDEX($D$5:$D$1000,SUMPRODUCT(MAX(($C$5:$C$1000=$G13)*(ROW($C$5:$C$1000)-4))))) | I13: =IF(SUMPRODUCT(MAX(($C$5:$C$1000=$G13)*(ROW($C$5:$C$1000)-4)))=0,"",INDEX($A$5:$A$1000,SUMPRODUCT(MAX(($C$5:$C$1000=$G13)*(ROW($C$5:$C$1000)-4)))))
A14: 46275 | B14: HubSpot AI Search Grader | C14: Gemini overall (0–100) | D14: 44 | E14: share of voice 0/10 | G14: Gemini overall (0–100) | H14: =IF(SUMPRODUCT(MAX(($C$5:$C$1000=$G14)*(ROW($C$5:$C$1000)-4)))=0,"",INDEX($D$5:$D$1000,SUMPRODUCT(MAX(($C$5:$C$1000=$G14)*(ROW($C$5:$C$1000)-4))))) | I14: =IF(SUMPRODUCT(MAX(($C$5:$C$1000=$G14)*(ROW($C$5:$C$1000)-4)))=0,"",INDEX($A$5:$A$1000,SUMPRODUCT(MAX(($C$5:$C$1000=$G14)*(ROW($C$5:$C$1000)-4)))))
A15: 46275 | B15: Peekaboo | C15: Visibility (0–100) | D15: 56 | E15: 5 prompts × 4 engines, 40 runs | G15: Visibility (0–100) | H15: =IF(SUMPRODUCT(MAX(($C$5:$C$1000=$G15)*(ROW($C$5:$C$1000)-4)))=0,"",INDEX($D$5:$D$1000,SUMPRODUCT(MAX(($C$5:$C$1000=$G15)*(ROW($C$5:$C$1000)-4))))) | I15: =IF(SUMPRODUCT(MAX(($C$5:$C$1000=$G15)*(ROW($C$5:$C$1000)-4)))=0,"",INDEX($A$5:$A$1000,SUMPRODUCT(MAX(($C$5:$C$1000=$G15)*(ROW($C$5:$C$1000)-4)))))
A16: 46275 | B16: Peekaboo | C16: Prompt: cost in Australia | D16: 100 | G16: Prompt: cost in Australia | H16: =IF(SUMPRODUCT(MAX(($C$5:$C$1000=$G16)*(ROW($C$5:$C$1000)-4)))=0,"",INDEX($D$5:$D$1000,SUMPRODUCT(MAX(($C$5:$C$1000=$G16)*(ROW($C$5:$C$1000)-4))))) | I16: =IF(SUMPRODUCT(MAX(($C$5:$C$1000=$G16)*(ROW($C$5:$C$1000)-4)))=0,"",INDEX($A$5:$A$1000,SUMPRODUCT(MAX(($C$5:$C$1000=$G16)*(ROW($C$5:$C$1000)-4)))))
A17: 46275 | B17: Peekaboo | C17: Prompt: best subscription in Australia | D17: 88 | G17: Prompt: best subscription in Australia | H17: =IF(SUMPRODUCT(MAX(($C$5:$C$1000=$G17)*(ROW($C$5:$C$1000)-4)))=0,"",INDEX($D$5:$D$1000,SUMPRODUCT(MAX(($C$5:$C$1000=$G17)*(ROW($C$5:$C$1000)-4))))) | I17: =IF(SUMPRODUCT(MAX(($C$5:$C$1000=$G17)*(ROW($C$5:$C$1000)-4)))=0,"",INDEX($A$5:$A$1000,SUMPRODUCT(MAX(($C$5:$C$1000=$G17)*(ROW($C$5:$C$1000)-4)))))
A18: 46275 | B18: Peekaboo | C18: Prompt: Design Pickle alternative | D18: 51 | G18: Prompt: Design Pickle alternative | H18: =IF(SUMPRODUCT(MAX(($C$5:$C$1000=$G18)*(ROW($C$5:$C$1000)-4)))=0,"",INDEX($D$5:$D$1000,SUMPRODUCT(MAX(($C$5:$C$1000=$G18)*(ROW($C$5:$C$1000)-4))))) | I18: =IF(SUMPRODUCT(MAX(($C$5:$C$1000=$G18)*(ROW($C$5:$C$1000)-4)))=0,"",INDEX($A$5:$A$1000,SUMPRODUCT(MAX(($C$5:$C$1000=$G18)*(ROW($C$5:$C$1000)-4)))))
A19: 46275 | B19: Peekaboo | C19: Prompt: graphic design services (Australia) | D19: 40 | E19: ChatGPT 0, Gemini 0 | G19: Prompt: graphic design services (Australia) | H19: =IF(SUMPRODUCT(MAX(($C$5:$C$1000=$G19)*(ROW($C$5:$C$1000)-4)))=0,"",INDEX($D$5:$D$1000,SUMPRODUCT(MAX(($C$5:$C$1000=$G19)*(ROW($C$5:$C$1000)-4))))) | I19: =IF(SUMPRODUCT(MAX(($C$5:$C$1000=$G19)*(ROW($C$5:$C$1000)-4)))=0,"",INDEX($A$5:$A$1000,SUMPRODUCT(MAX(($C$5:$C$1000=$G19)*(ROW($C$5:$C$1000)-4)))))
A20: 46275 | B20: Peekaboo | C20: Prompt: freelancer too costly | D20: 0 | E20: 0 mentions in 8 runs | G20: Prompt: freelancer too costly | H20: =IF(SUMPRODUCT(MAX(($C$5:$C$1000=$G20)*(ROW($C$5:$C$1000)-4)))=0,"",INDEX($D$5:$D$1000,SUMPRODUCT(MAX(($C$5:$C$1000=$G20)*(ROW($C$5:$C$1000)-4))))) | I20: =IF(SUMPRODUCT(MAX(($C$5:$C$1000=$G20)*(ROW($C$5:$C$1000)-4)))=0,"",INDEX($A$5:$A$1000,SUMPRODUCT(MAX(($C$5:$C$1000=$G20)*(ROW($C$5:$C$1000)-4)))))
A21: 46275 | B21: Peekaboo | C21: Competitor: ManyPixels | D21: 23 | E21: same-day score | G21: Competitor: ManyPixels | H21: =IF(SUMPRODUCT(MAX(($C$5:$C$1000=$G21)*(ROW($C$5:$C$1000)-4)))=0,"",INDEX($D$5:$D$1000,SUMPRODUCT(MAX(($C$5:$C$1000=$G21)*(ROW($C$5:$C$1000)-4))))) | I21: =IF(SUMPRODUCT(MAX(($C$5:$C$1000=$G21)*(ROW($C$5:$C$1000)-4)))=0,"",INDEX($A$5:$A$1000,SUMPRODUCT(MAX(($C$5:$C$1000=$G21)*(ROW($C$5:$C$1000)-4)))))
A22: 46275 | B22: Peekaboo | C22: Competitor: Design Pickle | D22: 17 | E22: same-day score | G22: Competitor: Design Pickle | H22: =IF(SUMPRODUCT(MAX(($C$5:$C$1000=$G22)*(ROW($C$5:$C$1000)-4)))=0,"",INDEX($D$5:$D$1000,SUMPRODUCT(MAX(($C$5:$C$1000=$G22)*(ROW($C$5:$C$1000)-4))))) | I22: =IF(SUMPRODUCT(MAX(($C$5:$C$1000=$G22)*(ROW($C$5:$C$1000)-4)))=0,"",INDEX($A$5:$A$1000,SUMPRODUCT(MAX(($C$5:$C$1000=$G22)*(ROW($C$5:$C$1000)-4)))))
A23: 46275 | B23: Search Console Generative AI | C23: AI-feature impressions, last 28 days | D23: 2291 | E23: 12 Aug – 8 Sep; previous 28 days 2,986 | G23: AI-feature impressions, last 28 days | H23: =IF(SUMPRODUCT(MAX(($C$5:$C$1000=$G23)*(ROW($C$5:$C$1000)-4)))=0,"",INDEX($D$5:$D$1000,SUMPRODUCT(MAX(($C$5:$C$1000=$G23)*(ROW($C$5:$C$1000)-4))))) | I23: =IF(SUMPRODUCT(MAX(($C$5:$C$1000=$G23)*(ROW($C$5:$C$1000)-4)))=0,"",INDEX($A$5:$A$1000,SUMPRODUCT(MAX(($C$5:$C$1000=$G23)*(ROW($C$5:$C$1000)-4)))))
A24: 46275 | B24: Search Console Generative AI | C24: AI-feature impressions, pricing guide (92 days) | D24: 4156 | G24: AI-feature impressions, pricing guide (92 days) | H24: =IF(SUMPRODUCT(MAX(($C$5:$C$1000=$G24)*(ROW($C$5:$C$1000)-4)))=0,"",INDEX($D$5:$D$1000,SUMPRODUCT(MAX(($C$5:$C$1000=$G24)*(ROW($C$5:$C$1000)-4))))) | I24: =IF(SUMPRODUCT(MAX(($C$5:$C$1000=$G24)*(ROW($C$5:$C$1000)-4)))=0,"",INDEX($A$5:$A$1000,SUMPRODUCT(MAX(($C$5:$C$1000=$G24)*(ROW($C$5:$C$1000)-4)))))
A25: 46275 | B25: Search Console Search results | C25: Clicks, last 3 months | D25: 930 | E25: 9 Jun – 8 Sep | G25: Clicks, last 3 months | H25: =IF(SUMPRODUCT(MAX(($C$5:$C$1000=$G25)*(ROW($C$5:$C$1000)-4)))=0,"",INDEX($D$5:$D$1000,SUMPRODUCT(MAX(($C$5:$C$1000=$G25)*(ROW($C$5:$C$1000)-4))))) | I25: =IF(SUMPRODUCT(MAX(($C$5:$C$1000=$G25)*(ROW($C$5:$C$1000)-4)))=0,"",INDEX($A$5:$A$1000,SUMPRODUCT(MAX(($C$5:$C$1000=$G25)*(ROW($C$5:$C$1000)-4)))))
A26: 46275 | B26: Search Console Search results | C26: Impressions, last 3 months | D26: 65504 | G26: Impressions, last 3 months | H26: =IF(SUMPRODUCT(MAX(($C$5:$C$1000=$G26)*(ROW($C$5:$C$1000)-4)))=0,"",INDEX($D$5:$D$1000,SUMPRODUCT(MAX(($C$5:$C$1000=$G26)*(ROW($C$5:$C$1000)-4))))) | I26: =IF(SUMPRODUCT(MAX(($C$5:$C$1000=$G26)*(ROW($C$5:$C$1000)-4)))=0,"",INDEX($A$5:$A$1000,SUMPRODUCT(MAX(($C$5:$C$1000=$G26)*(ROW($C$5:$C$1000)-4)))))
A27: 46275 | B27: Search Console Search results | C27: Position: graphic design services | D27: 4.6 | E27: 1,787 impressions, CTR 0.22% | G27: Position: graphic design services | H27: =IF(SUMPRODUCT(MAX(($C$5:$C$1000=$G27)*(ROW($C$5:$C$1000)-4)))=0,"",INDEX($D$5:$D$1000,SUMPRODUCT(MAX(($C$5:$C$1000=$G27)*(ROW($C$5:$C$1000)-4))))) | I27: =IF(SUMPRODUCT(MAX(($C$5:$C$1000=$G27)*(ROW($C$5:$C$1000)-4)))=0,"",INDEX($A$5:$A$1000,SUMPRODUCT(MAX(($C$5:$C$1000=$G27)*(ROW($C$5:$C$1000)-4)))))
A28: 46275 | B28: Search Console Search results | C28: Position: graphic design services sydney | D28: 2.1 | E28: 122 impressions, 0 clicks | G28: Position: graphic design services sydney | H28: =IF(SUMPRODUCT(MAX(($C$5:$C$1000=$G28)*(ROW($C$5:$C$1000)-4)))=0,"",INDEX($D$5:$D$1000,SUMPRODUCT(MAX(($C$5:$C$1000=$G28)*(ROW($C$5:$C$1000)-4))))) | I28: =IF(SUMPRODUCT(MAX(($C$5:$C$1000=$G28)*(ROW($C$5:$C$1000)-4)))=0,"",INDEX($A$5:$A$1000,SUMPRODUCT(MAX(($C$5:$C$1000=$G28)*(ROW($C$5:$C$1000)-4)))))
A29: 46275 | B29: Search Console Search results | C29: Position: unlimited graphic design | D29: 18.6 | G29: Position: unlimited graphic design | H29: =IF(SUMPRODUCT(MAX(($C$5:$C$1000=$G29)*(ROW($C$5:$C$1000)-4)))=0,"",INDEX($D$5:$D$1000,SUMPRODUCT(MAX(($C$5:$C$1000=$G29)*(ROW($C$5:$C$1000)-4))))) | I29: =IF(SUMPRODUCT(MAX(($C$5:$C$1000=$G29)*(ROW($C$5:$C$1000)-4)))=0,"",INDEX($A$5:$A$1000,SUMPRODUCT(MAX(($C$5:$C$1000=$G29)*(ROW($C$5:$C$1000)-4)))))
A30: 46275 | B30: Search Console Search results | C30: Position: graphic design subscription | D30: 24.1 | E30: was 12.7 in June | G30: Position: graphic design subscription | H30: =IF(SUMPRODUCT(MAX(($C$5:$C$1000=$G30)*(ROW($C$5:$C$1000)-4)))=0,"",INDEX($D$5:$D$1000,SUMPRODUCT(MAX(($C$5:$C$1000=$G30)*(ROW($C$5:$C$1000)-4))))) | I30: =IF(SUMPRODUCT(MAX(($C$5:$C$1000=$G30)*(ROW($C$5:$C$1000)-4)))=0,"",INDEX($A$5:$A$1000,SUMPRODUCT(MAX(($C$5:$C$1000=$G30)*(ROW($C$5:$C$1000)-4)))))
A31: 46275 | B31: Search Console Search results | C31: Brand share of itemised clicks (%) | D31: 64 | E31: 212 of 329 | G31: Brand share of itemised clicks (%) | H31: =IF(SUMPRODUCT(MAX(($C$5:$C$1000=$G31)*(ROW($C$5:$C$1000)-4)))=0,"",INDEX($D$5:$D$1000,SUMPRODUCT(MAX(($C$5:$C$1000=$G31)*(ROW($C$5:$C$1000)-4))))) | I31: =IF(SUMPRODUCT(MAX(($C$5:$C$1000=$G31)*(ROW($C$5:$C$1000)-4)))=0,"",INDEX($A$5:$A$1000,SUMPRODUCT(MAX(($C$5:$C$1000=$G31)*(ROW($C$5:$C$1000)-4)))))
A32: 46275 | B32: Ahrefs Site Audit | C32: Health score (3 URLs) | D32: 93 | E32: 9 Sep crawl | G32: Health score (3 URLs) | H32: =IF(SUMPRODUCT(MAX(($C$5:$C$1000=$G32)*(ROW($C$5:$C$1000)-4)))=0,"",INDEX($D$5:$D$1000,SUMPRODUCT(MAX(($C$5:$C$1000=$G32)*(ROW($C$5:$C$1000)-4))))) | I32: =IF(SUMPRODUCT(MAX(($C$5:$C$1000=$G32)*(ROW($C$5:$C$1000)-4)))=0,"",INDEX($A$5:$A$1000,SUMPRODUCT(MAX(($C$5:$C$1000=$G32)*(ROW($C$5:$C$1000)-4)))))
A33: 46275 | B33: SearchAtlas LLM Visibility | C33: Sydney page AI mentions | D33: 13 | E33: 31 Aug email | G33: Sydney page AI mentions | H33: =IF(SUMPRODUCT(MAX(($C$5:$C$1000=$G33)*(ROW($C$5:$C$1000)-4)))=0,"",INDEX($D$5:$D$1000,SUMPRODUCT(MAX(($C$5:$C$1000=$G33)*(ROW($C$5:$C$1000)-4))))) | I33: =IF(SUMPRODUCT(MAX(($C$5:$C$1000=$G33)*(ROW($C$5:$C$1000)-4)))=0,"",INDEX($A$5:$A$1000,SUMPRODUCT(MAX(($C$5:$C$1000=$G33)*(ROW($C$5:$C$1000)-4)))))
A34: 46275 | B34: Manual AI check | C34: ChatGPT names Design Bees for "best unlimited graphic design subscription in Australia" (1 = yes) | D34: 0 | E34: June audit result; re-check monthly | G34: ChatGPT names Design Bees for "best unlimited graphic design subscription in Australia" (1 = yes) | H34: =IF(SUMPRODUCT(MAX(($C$5:$C$1000=$G34)*(ROW($C$5:$C$1000)-4)))=0,"",INDEX($D$5:$D$1000,SUMPRODUCT(MAX(($C$5:$C$1000=$G34)*(ROW($C$5:$C$1000)-4))))) | I34: =IF(SUMPRODUCT(MAX(($C$5:$C$1000=$G34)*(ROW($C$5:$C$1000)-4)))=0,"",INDEX($A$5:$A$1000,SUMPRODUCT(MAX(($C$5:$C$1000=$G34)*(ROW($C$5:$C$1000)-4)))))
A35: 46276 | B35: Manual AI check | C35: ChatGPT names Design Bees for "best unlimited graphic design subscription in Australia" (1 = yes) | D35: 1 | E35: 11 Sep live check from AJ's own browser: named | G35: ChatGPT: target queries naming Design Bees (of 6) | H35: =IF(SUMPRODUCT(MAX(($C$5:$C$1000=$G35)*(ROW($C$5:$C$1000)-4)))=0,"",INDEX($D$5:$D$1000,SUMPRODUCT(MAX(($C$5:$C$1000=$G35)*(ROW($C$5:$C$1000)-4))))) | I35: =IF(SUMPRODUCT(MAX(($C$5:$C$1000=$G35)*(ROW($C$5:$C$1000)-4)))=0,"",INDEX($A$5:$A$1000,SUMPRODUCT(MAX(($C$5:$C$1000=$G35)*(ROW($C$5:$C$1000)-4)))))
A36: 46276 | B36: Manual AI check | C36: ChatGPT: target queries naming Design Bees (of 6) | D36: 5 | E36: 11 Sep live check; only the freelancer question missed | G36: Google AI Mode: target queries naming Design Bees (of 6) | H36: =IF(SUMPRODUCT(MAX(($C$5:$C$1000=$G36)*(ROW($C$5:$C$1000)-4)))=0,"",INDEX($D$5:$D$1000,SUMPRODUCT(MAX(($C$5:$C$1000=$G36)*(ROW($C$5:$C$1000)-4))))) | I36: =IF(SUMPRODUCT(MAX(($C$5:$C$1000=$G36)*(ROW($C$5:$C$1000)-4)))=0,"",INDEX($A$5:$A$1000,SUMPRODUCT(MAX(($C$5:$C$1000=$G36)*(ROW($C$5:$C$1000)-4)))))
A37: 46276 | B37: Manual AI check | C37: Google AI Mode: target queries naming Design Bees (of 6) | D37: 5 | E37: 11 Sep live check
B39: Legend: fill columns A–E only; one row per metric per reading; keep the Metric text identical each time so the Latest block matches it. Numbers only in Value (use 1/0 for yes/no). Add new readings at the bottom — the Latest block reads the last row for each metric. Leave column A to dates only.
